GENDER,AGE-LEVEL,RELATION,Bonding,ORIGIN,RELIGIOUS BELIEF,POLITICAL VIEW,SOCIAL GROUP,FOLLOWS,RACISM TERM,LIQUOR ITEM,ABUSIVE,CLASS
Male,Mature,married,weak,Asian,Hinduism,Progressive,FARC,Mahatma Gandhi,do not like,Rum,never do,GOOD
Female,Mature,divorced,weak,Asian,Buddhism,Moderate,UNESCO,Dalai Lama,do not like,Tequila,never do,GOOD
Male,Midlife,unmarried,weak,Asian,Hinduism,Extremist,Shiv Sena,Bal Thackeray,Paki,Tequila,shit,BAD
Male,Adolescence,unmarried,strong,African,Christianity,Conservative,RED CROSS,Nelson Mandela,do not like,Vodka,never do,GOOD
Male,Midlife,married,strong,African,Islam,Conservative,UNESCO,Muhammad s.m.,do not like,dislike,never do,GOOD
Male,Midlife,married,strong,European,Christianity,Conservative,UNESCO,Mother Teresa,Coon,dislike,Bugger,GOOD
Female,Midlife,divorced,very strong,African,Christianity,Moderate,RED CROSS,Nelson Mandela,do not like,Wine,never do,GOOD
Male,Midlife,married,weak,American,Nonreligious,Progressive,Bodu Bala Sena,Hibatullah Akhundzada,Chink,Whiskey,never do,BAD
Male,Adolescence,unmarried,strong,Asian,Islam,Moderate,UNESCO,Sheikh Mujibur Rahman,do not like,dislike,never do,GOOD
Female,Midlife,married,strong,Asian,Islam,Moderate,Hilf al-Fudul,Muhammad s.m.,do not like,dislike,never do,GOOD
Male,Midlife,married,very strong,Asian,Islam,Progressive,RED CRESCENT,Muhammad s.m.,do not like,dislike,never do,BAD
Male,Midlife,unmarried,strong,Latin,Buddhism,Conservative,UNESCO,Fidel Castro,do not like,dislike,b!+ch,GOOD
Female,Midlife,divorced,strong,Asian,Hinduism,Moderate,UNESCO,Mother Teresa,do not like,Vodka,never do,GOOD
Male,Adulthood,divorced,very strong,Asian,Buddhism,Conservative,UNESCO,Sheikh Mujibur Rahman,do not like,Whiskey,never do,GOOD
Male,Adulthood,divorced,weak,African,Islam,Extremist,Al-Qaeda,Ayman al-Zawahiri,do not like,dislike,never do,BAD
Female,Midlife,unmarried,weak,European,Hinduism,Extremist,FARC,Hibatullah Akhundzada,Paki,Tequila,never do,BAD
Female,Midlife,unmarried,strong,American,Nonreligious,Extremist,Nazi Party,Gerry Adams,Coon,Vodka,Belligerent,BAD
Female,Adulthood,divorced,weak,European,Nonreligious,Extremist,Nazi Party,Adolf Hitler,Crow,Chhang ,shit,BAD
Male,Adolescence,unmarried,weak,Asian,Buddhism,Extremist,Bodu Bala Sena,Kirama Wimalajothi,Bamboula,beer,Bastard,BAD
Female,Adulthood,unmarried,strong,American,Buddhism,Progressive,UNESCO,Abraham Lincoln,do not like,dislike,shit,GOOD
Male,Mature,unmarried,very strong,Asian,Islam,Moderate,Hilf al-Fudul,Muhammad s.m.,do not like,dislike,never do,GOOD
Female,Midlife,divorced,strong,Asian,Hinduism,Moderate,RED CROSS,Mahatma Gandhi,do not like,Tequila,Belligerent,GOOD
Male,Adolescence,unmarried,very weak,Asian,Hinduism,Extremist,Shiv Sena,Bal Thackeray,Paki,Wine,crap,BAD
Female,Midlife,divorced,strong,European,Nonreligious,Extremist,Nazi Party,Adolf Hitler,Eightball,Tequila,f u c k e r,BAD
Female,Midlife,divorced,very strong,European,Christianity,Progressive,UNESCO,Abraham Lincoln,Chink,dislike,f u c k e r,GOOD
Male,Mature,unmarried,strong,Asian,Islam,Moderate,RED CRESCENT,Sheikh Mujibur Rahman,do not like,dislike,never do,GOOD
Male,Mature,married,strong,European,Christianity,Progressive,UNESCO,Sheikh Mujibur Rahman,do not like,dislike,f u c k e r,GOOD
Female,Midlife,married,strong,Asian,Islam,Moderate,Hilf al-Fudul,Muhammad s.m.,do not like,dislike,never do,GOOD
Female,Adolescence,unmarried,very strong,Latin,Christianity,Progressive,RED CROSS,Fidel Castro,do not like,Tequila,never do,GOOD
Female,Adolescence,unmarried,very weak,Asian,Hinduism,Extremist,Shiv Sena,Bal Thackeray,Paki,Vodka,b!+ch,BAD
Female,Midlife,unmarried,weak,Asian,Christianity,Extremist,RED CRESCENT,Nelson Mandela,do not like,beer,never do,GOOD
Male,Mature,unmarried,weak,Latin,Christianity,Moderate,RED CROSS,Mother Teresa,do not like,Wine,never do,GOOD
Male,Mature,unmarried,strong,American,Hinduism,Traditionalist,UNESCO,Sheikh Mujibur Rahman,do not like,beer,never do,GOOD
Female,Midlife,unmarried,weak,Asian,Hinduism,Extremist,Shiv Sena,Bal Thackeray,Eightball,Chhang ,never do,BAD
Male,Mature,married,strong,American,Christianity,Moderate,RED CROSS,Fidel Castro,do not like,Tequila,never do,GOOD
Male,Adolescence,unmarried,very strong,Asian,Islam,Moderate,Hilf al-Fudul,Muhammad s.m.,do not like,dislike,never do,GOOD
Female,Adulthood,divorced,weak,Asian,Buddhism,Conservative,Bodu Bala Sena,Kirama Wimalajothi,Paki,Chhang ,Bugger,BAD
Male,Adulthood,unmarried,very strong,African,Islam,Conservative,Hilf al-Fudul,Muhammad s.m.,do not like,dislike,never do,GOOD
Female,Adolescence,unmarried,strong,African,Islam,Moderate,Hilf al-Fudul,Muhammad s.m.,do not like,dislike,never do,GOOD
Female,Adulthood,married,strong,Asian,Islam,Moderate,Hilf al-Fudul,Muhammad s.m.,do not like,dislike,never do,GOOD
Female,Midlife,unmarried,weak,European,Christianity,Traditionalist,RED CROSS,Mother Teresa,do not like,beer,never do,GOOD
Female,Midlife,divorced,strong,Asian,Buddhism,Conservative,FARC,Sheikh Mujibur Rahman,do not like,Whiskey,never do,GOOD
Female,Midlife,married,strong,Asian,Islam,Conservative,Hilf al-Fudul,Muhammad s.m.,do not like,dislike,never do,GOOD
Female,Adulthood,married,strong,Latin,Christianity,Moderate,UNESCO,Mother Teresa,do not like,beer,assh0le,GOOD
Female,Adulthood,divorced,very strong,Asian,Islam,Progressive,UNESCO,Sheikh Mujibur Rahman,do not like,dislike,never do,GOOD
Male,Midlife,married,weak,Latin,Buddhism,Extremist,Bodu Bala Sena,Kirama Wimalajothi,Eightball,Rum,Bugger,BAD
Male,Mature,married,strong,American,Islam,Moderate,RED CRESCENT,Muhammad s.m.,do not like,dislike,never do,GOOD
Male,Adulthood,married,very weak,Latin,Hinduism,Extremist,Shiv Sena,Bal Thackeray,Paki,Wine,crap,BAD
Male,Adulthood,unmarried,strong,African,Islam,Extremist,UNESCO,Abraham Lincoln,do not like,dislike,never do,GOOD
Male,Adolescence,unmarried,weak,Asian,Buddhism,Extremist,RED CROSS,Dalai Lama,do not like,dislike,never do,GOOD
Female,Adulthood,unmarried,very weak,Asian,Christianity,Conservative,Bodu Bala Sena,Kirama Wimalajothi,Crow,Tequila,gay,BAD
Male,Adolescence,unmarried,weak,American,Christianity,Conservative,UNESCO,Abraham Lincoln,do not like,Wine,honkey,GOOD
Female,Adulthood,divorced,strong,American,Hinduism,Moderate,UNESCO,Sheikh Mujibur Rahman,do not like,Wine,never do,GOOD
Female,Adolescence,unmarried,strong,Asian,Hinduism,Moderate,Divine Life Society,Mahatma Gandhi,do not like,Vodka,never do,GOOD
Male,Adolescence,unmarried,strong,African,Islam,Moderate,Hilf al-Fudul,Muhammad s.m.,do not like,dislike,never do,GOOD
Female,Adolescence,unmarried,strong,Asian,Buddhism,Conservative,UNESCO,Dalai Lama,do not like,Whiskey,never do,GOOD
Female,Midlife,unmarried,weak,European,Christianity,Extremist,Real IRA,Gerry Adams,Coon,Wine,Lesbian,BAD
Male,Midlife,divorced,strong,European,Islam,Progressive,Hilf al-Fudul,Muhammad s.m.,do not like,dislike,never do,GOOD
Female,Adolescence,unmarried,strong,European,Buddhism,Traditionalist,Real IRA,Sheikh Mujibur Rahman,do not like,Whiskey,never do,GOOD
Female,Mature,unmarried,weak,European,Nonreligious,Extremist,Nazi Party,Adolf Hitler,Paki,Whiskey,jerk-off,BAD
Female,Mature,married,strong,African,Christianity,Moderate,RED CROSS,Abraham Lincoln,do not like,Vodka,*damn,GOOD
Female,Adolescence,unmarried,very weak,European,Nonreligious,Conservative,UNESCO,Adolf Hitler,Chink,beer,Piss off,BAD
Female,Adolescence,unmarried,very strong,Latin,Christianity,Progressive,RED CROSS,Fidel Castro,do not like,beer,Pakau,GOOD
Female,Adulthood,unmarried,very strong,Latin,Nonreligious,Progressive,UNESCO,Abraham Lincoln,do not like,Rum,Bugger,GOOD
Female,Midlife,married,strong,Asian,Hinduism,Moderate,Divine Life Society,Mahatma Gandhi,do not like,Wine,never do,BAD
Male,Adulthood,unmarried,strong,African,Islam,Moderate,RED CRESCENT,Muhammad s.m.,do not like,dislike,never do,GOOD
Female,Mature,unmarried,weak,African,Christianity,Progressive,RED CROSS,Nelson Mandela,do not like,Vodka,never do,GOOD
Female,Adolescence,unmarried,strong,Asian,Islam,Moderate,RED CRESCENT,Sheikh Mujibur Rahman,do not like,dislike,never do,GOOD
Female,Midlife,married,very weak,Asian,Hinduism,Extremist,Shiv Sena,Bal Thackeray,do not like,Chhang ,honkey,BAD
Male,Midlife,divorced,very strong,Asian,Buddhism,Traditionalist,UNESCO,Gautam Buddha,do not like,dislike,never do,GOOD
Female,Adolescence,unmarried,very strong,African,Hinduism,Moderate,UNESCO,Mother Teresa,do not like,Chhang ,never do,GOOD
Female,Midlife,unmarried,strong,African,Islam,Moderate,RED CRESCENT,Muhammad s.m.,do not like,dislike,never do,GOOD
Male,Mature,unmarried,strong,Asian,Nonreligious,Moderate,Real IRA,Sheikh Mujibur Rahman,do not like,Rum,never do,GOOD
Female,Adolescence,unmarried,very strong,Latin,Christianity,Conservative,UNESCO,Donald Trump,do not like,Chhang ,never do,GOOD
Male,Adulthood,divorced,strong,Asian,Buddhism,Conservative,UNESCO,Dalai Lama,do not like,Whiskey,never do,GOOD
Male,Mature,unmarried,weak,European,Christianity,Moderate,RED CROSS,Abraham Lincoln,do not like,beer,Piss off,GOOD
Male,Adolescence,unmarried,weak,European,Hinduism,Progressive,RED CROSS,Mother Teresa,do not like,Whiskey,never do,BAD
Male,Mature,married,strong,Asian,Christianity,Progressive,RED CROSS,Fidel Castro,do not like,Chhang ,never do,GOOD
Female,Adolescence,unmarried,very strong,Asian,Islam,Conservative,RED CRESCENT,Sheikh Mujibur Rahman,do not like,dislike,never do,GOOD
Female,Mature,unmarried,very strong,American,Islam,Progressive,UNESCO,Muhammad s.m.,do not like,dislike,never do,GOOD
Male,Mature,divorced,strong,European,Buddhism,Conservative,UNESCO,Gautam Buddha,do not like,Vodka,never do,GOOD
Male,Adolescence,unmarried,weak,Asian,Buddhism,Extremist,Bodu Bala Sena,Kirama Wimalajothi,Paki,Rum,*shit*,BAD
Female,Adulthood,married,strong,Asian,Buddhism,Progressive,UNESCO,Gautam Buddha,do not like,dislike,never do,GOOD
Male,Adolescence,unmarried,strong,African,Christianity,Conservative,UNESCO,Mother Teresa,do not like,beer,Belligerent,GOOD
Male,Adulthood,divorced,weak,European,Islam,Extremist,ISIS,al-Baghdadi,do not like,dislike,never do,BAD
Male,Mature,married,very strong,Asian,Nonreligious,Moderate,RED CROSS,Kirama Wimalajothi,do not like,dislike,*shit*,GOOD
Female,Adulthood,unmarried,weak,Latin,Christianity,Extremist,FARC,Rodrigo LondoÒo,Chink,Chhang ,honkey,BAD
Female,Adolescence,unmarried,weak,Asian,Hinduism,Extremist,Shiv Sena,Bal Thackeray,Chink,beer,jerk-off,BAD
Male,Mature,married,strong,Asian,Nonreligious,Extremist,UNESCO,Dalai Lama,do not like,dislike,never do,GOOD
Female,Mature,divorced,very strong,Asian,Islam,Moderate,RED CRESCENT,Sheikh Mujibur Rahman,do not like,dislike,never do,GOOD
Male,Adolescence,unmarried,strong,American,Hinduism,Conservative,Divine Life Society,Mahatma Gandhi,do not like,Tequila,never do,GOOD
Male,Adolescence,unmarried,strong,American,Christianity,Progressive,RED CROSS,Abraham Lincoln,do not like,dislike,honkey,GOOD
Male,Adulthood,married,strong,African,Christianity,Conservative,RED CROSS,Donald Trump,do not like,dislike,honkey,GOOD
Female,Midlife,married,weak,Asian,Christianity,Extremist,Bodu Bala Sena,Kirama Wimalajothi,Paki,dislike,crap,BAD
Female,Adolescence,unmarried,strong,European,Islam,Moderate,Hilf al-Fudul,Muhammad s.m.,do not like,Whiskey,Piss off,GOOD
Female,Midlife,divorced,weak,African,Christianity,Moderate,RED CROSS,Nelson Mandela,do not like,beer,never do,GOOD
Male,Adulthood,married,strong,Latin,Islam,Moderate,RED CRESCENT,Muhammad s.m.,do not like,dislike,never do,GOOD
Male,Mature,unmarried,very weak,European,Christianity,Progressive,ISIS,Gerry Adams,nigger,Vodka,Bastard,BAD
Male,Midlife,unmarried,weak,Asian,Nonreligious,Moderate,UNESCO,Dalai Lama,do not like,Vodka,never do,GOOD
Male,Mature,unmarried,strong,European,Christianity,Moderate,RED CROSS,Fidel Castro,do not like,Vodka,never do,GOOD
Male,Adolescence,unmarried,strong,Latin,Hinduism,Conservative,UNESCO,Mother Teresa,do not like,beer,never do,GOOD
Female,Midlife,divorced,strong,Latin,Islam,Moderate,UNESCO,Muhammad s.m.,do not like,dislike,never do,GOOD
Male,Midlife,unmarried,very weak,Latin,Hinduism,Traditionalist,FARC,Kirama Wimalajothi,Paki,Wine,Belligerent,BAD
Female,Midlife,divorced,strong,Latin,Christianity,Moderate,UNESCO,Fidel Castro,do not like,Tequila,never do,GOOD
Female,Adulthood,divorced,strong,Asian,Islam,Moderate,Hilf al-Fudul,Muhammad s.m.,do not like,dislike,never do,GOOD
Female,Mature,married,strong,Asian,Buddhism,Traditionalist,UNESCO,Dalai Lama,do not like,Chhang ,never do,GOOD
Male,Midlife,married,strong,Asian,Islam,Conservative,RED CRESCENT,Sheikh Mujibur Rahman,Bamboula,dislike,never do,GOOD
Female,Adolescence,unmarried,very weak,Asian,Nonreligious,Moderate,RED CROSS,Adolf Hitler,Chink,Rum,assh0le,BAD
Female,Adolescence,unmarried,weak,Asian,Buddhism,Progressive,RED CROSS,Dalai Lama,do not like,Rum,never do,GOOD
Male,Midlife,unmarried,very strong,African,Hinduism,Moderate,Divine Life Society,Abraham Lincoln,do not like,dislike,honkey,GOOD
Female,Mature,unmarried,strong,European,Nonreligious,Progressive,Shiv Sena,Gerry Adams,nigger,Tequila,jerk-off,BAD
Male,Adulthood,unmarried,very weak,Asian,Hinduism,Traditionalist,Divine Life Society,Kirama Wimalajothi,Paki,Whiskey,Pakau,BAD
Male,Adulthood,divorced,weak,African,Nonreligious,Moderate,RED CROSS,Nelson Mandela,do not like,Wine,never do,GOOD
Male,Midlife,divorced,very weak,Asian,Christianity,Extremist,FARC,Adolf Hitler,Chink,Whiskey,Bitchy,BAD
Female,Mature,unmarried,strong,Asian,Nonreligious,Extremist,Bodu Bala Sena,Kirama Wimalajothi,Eightball,Chhang ,Bastard,BAD
Male,Mature,unmarried,strong,Asian,Islam,Moderate,UNESCO,Sheikh Mujibur Rahman,do not like,dislike,never do,GOOD
Female,Mature,divorced,strong,American,Islam,Progressive,RED CRESCENT,Muhammad s.m.,do not like,dislike,never do,GOOD
Male,Adolescence,unmarried,strong,Asian,Islam,Conservative,UNESCO,Sheikh Mujibur Rahman,do not like,dislike,never do,GOOD
Female,Midlife,unmarried,very weak,Asian,Buddhism,Extremist,Bodu Bala Sena,Kirama Wimalajothi,Crow,Chhang ,f u c k e r,BAD
Female,Adolescence,unmarried,weak,Asian,Buddhism,Extremist,UNESCO,Dalai Lama,do not like,dislike,never do,GOOD
Male,Adulthood,unmarried,weak,Latin,Christianity,Traditionalist,UNESCO,Donald Trump,do not like,Tequila,never do,GOOD
Female,Mature,married,weak,Latin,Islam,Traditionalist,UNESCO,Abraham Lincoln,do not like,dislike,never do,GOOD
Female,Midlife,divorced,strong,American,Christianity,Conservative,RED CROSS,Donald Trump,do not like,beer,never do,GOOD
Female,Adulthood,divorced,strong,American,Christianity,Moderate,UNESCO,Fidel Castro,do not like,beer,never do,GOOD
Male,Adolescence,unmarried,very weak,Asian,Buddhism,Extremist,Bodu Bala Sena,Kirama Wimalajothi,Crow,Chhang ,honkey,BAD
Female,Adulthood,divorced,strong,Asian,Islam,Moderate,Hilf al-Fudul,Muhammad s.m.,do not like,dislike,never do,GOOD
Female,Adolescence,unmarried,very strong,Latin,Christianity,Conservative,UNESCO,Fidel Castro,do not like,Vodka,never do,GOOD
Female,Adolescence,unmarried,strong,Latin,Christianity,Traditionalist,RED CROSS,Fidel Castro,do not like,Tequila,never do,GOOD
Female,Midlife,unmarried,strong,Asian,Islam,Traditionalist,UNESCO,Sheikh Mujibur Rahman,do not like,dislike,never do,GOOD
Male,Adulthood,divorced,strong,Asian,Islam,Moderate,Hilf al-Fudul,Sheikh Mujibur Rahman,do not like,dislike,never do,GOOD
Male,Mature,divorced,very strong,Asian,Christianity,Moderate,UNESCO,Abraham Lincoln,do not like,Vodka,crap,BAD
Female,Midlife,divorced,very strong,African,Islam,Progressive,UNESCO,Muhammad s.m.,do not like,dislike,never do,GOOD
Male,Adolescence,unmarried,strong,Asian,Islam,Conservative,Hilf al-Fudul,Sheikh Mujibur Rahman,do not like,dislike,never do,GOOD
Male,Adolescence,unmarried,very strong,Asian,Hinduism,Traditionalist,Divine Life Society,Mahatma Gandhi,do not like,beer,never do,GOOD
Female,Adulthood,divorced,very strong,Latin,Buddhism,Progressive,UNESCO,Abraham Lincoln,Chink,dislike,Bugger,GOOD
Female,Adulthood,unmarried,strong,European,Nonreligious,Extremist,Nazi Party,Adolf Hitler,Eightball,Tequila,Bastard,BAD
Female,Midlife,divorced,weak,Latin,Christianity,Extremist,FARC,Rodrigo LondoÒo,Chink,Rum,*shit*,BAD
Female,Midlife,married,weak,Asian,Hinduism,Extremist,Shiv Sena,Bal Thackeray,Coon,beer,b!+ch,BAD
Female,Midlife,married,very strong,Asian,Islam,Progressive,RED CRESCENT,Abraham Lincoln,do not like,dislike,never do,GOOD
Male,Mature,unmarried,strong,European,Islam,Conservative,Hilf al-Fudul,Muhammad s.m.,do not like,beer,never do,GOOD
Male,Midlife,married,very strong,Asian,Buddhism,Moderate,UNESCO,Gautam Buddha,do not like,dislike,never do,GOOD
Male,Midlife,married,very strong,Asian,Nonreligious,Traditionalist,RED CROSS,Dalai Lama,do not like,Tequila,never do,GOOD
Female,Mature,married,very strong,European,Islam,Conservative,Hilf al-Fudul,Muhammad s.m.,do not like,dislike,never do,GOOD
Female,Mature,unmarried,strong,Asian,Islam,Conservative,Hilf al-Fudul,Sheikh Mujibur Rahman,do not like,dislike,never do,BAD
Male,Adulthood,divorced,weak,African,Christianity,Moderate,RED CROSS,Nelson Mandela,do not like,Wine,damn,GOOD
Male,Adulthood,divorced,weak,American,Nonreligious,Progressive,RED CROSS,Nelson Mandela,do not like,Whiskey,never do,GOOD
Female,Midlife,divorced,strong,Latin,Christianity,Progressive,RED CROSS,Fidel Castro,do not like,Whiskey,never do,GOOD
Female,Adulthood,unmarried,strong,Asian,Islam,Conservative,UNESCO,Sheikh Mujibur Rahman,do not like,dislike,never do,GOOD
Female,Mature,divorced,weak,Asian,Buddhism,Extremist,UNESCO,Dalai Lama,do not like,dislike,never do,GOOD
Male,Mature,divorced,weak,American,Christianity,Traditionalist,RED CROSS,Abraham Lincoln,do not like,Chhang ,Lesbian,BAD
Male,Midlife,married,strong,African,Islam,Conservative,Hilf al-Fudul,Muhammad s.m.,do not like,dislike,never do,GOOD
Male,Adolescence,unmarried,weak,African,Christianity,Moderate,RED CROSS,Nelson Mandela,do not like,beer,f u c k e r,GOOD
Female,Adolescence,unmarried,strong,Asian,Buddhism,Traditionalist,RED CROSS,Gautam Buddha,do not like,Vodka,never do,GOOD
Male,Mature,unmarried,very weak,Latin,Hinduism,Conservative,Nazi Party,Kirama Wimalajothi,Eightball,Whiskey,Bastard,BAD
Male,Midlife,married,strong,African,Christianity,Moderate,RED CRESCENT,Abraham Lincoln,do not like,Chhang ,Lesbian,GOOD
Male,Midlife,divorced,very strong,Latin,Christianity,Progressive,Shiv Sena,Fidel Castro,do not like,beer,never do,GOOD
Male,Adolescence,unmarried,very weak,European,Nonreligious,Extremist,Nazi Party,Adolf Hitler,Paki,beer,Pakau,BAD
Female,Adolescence,unmarried,strong,Asian,Islam,Moderate,Hilf al-Fudul,Muhammad s.m.,do not like,dislike,never do,GOOD
Female,Adulthood,unmarried,weak,African,Christianity,Progressive,RED CROSS,Mother Teresa,do not like,Chhang ,never do,GOOD
Male,Adolescence,unmarried,strong,American,Christianity,Conservative,UNESCO,Donald Trump,do not like,Rum,never do,GOOD
Female,Mature,divorced,strong,Asian,Buddhism,Moderate,UNESCO,Nelson Mandela,do not like,Rum,never do,GOOD
Male,Adulthood,divorced,very weak,European,Nonreligious,Moderate,Nazi Party,Adolf Hitler,Bamboula,Tequila,damn,BAD
Male,Mature,unmarried,very strong,Latin,Nonreligious,Conservative,UNESCO,Donald Trump,do not like,Vodka,never do,GOOD
Female,Adulthood,divorced,very strong,American,Islam,Progressive,Hilf al-Fudul,Muhammad s.m.,do not like,Vodka,never do,GOOD
Male,Mature,married,very weak,Asian,Hinduism,Extremist,Shiv Sena,Bal Thackeray,do not like,Whiskey,f u c k e r,GOOD
Male,Mature,divorced,strong,African,Islam,Conservative,Hilf al-Fudul,Muhammad s.m.,do not like,dislike,never do,GOOD
Male,Adolescence,unmarried,strong,Asian,Islam,Conservative,RED CRESCENT,Sheikh Mujibur Rahman,do not like,dislike,never do,GOOD
Female,Mature,divorced,weak,European,Hinduism,Moderate,Divine Life Society,Mahatma Gandhi,do not like,Tequila,never do,GOOD
Female,Mature,unmarried,very strong,American,Christianity,Moderate,RED CROSS,Abraham Lincoln,do not like,dislike,never do,GOOD
Male,Midlife,married,very strong,European,Christianity,Conservative,UNESCO,Mother Teresa,do not like,Wine,Bastard,GOOD
Male,Mature,married,very strong,African,Christianity,Moderate,RED CROSS,Nelson Mandela,do not like,beer,Lesbian,GOOD
Male,Adolescence,unmarried,very weak,Asian,Hinduism,Extremist,Shiv Sena,Bal Thackeray,Paki,Rum,f u c k e r,BAD
Female,Midlife,married,very strong,European,Islam,Conservative,UNESCO,Muhammad s.m.,do not like,dislike,never do,GOOD
Male,Adolescence,unmarried,very strong,European,Hinduism,Conservative,Divine Life Society,Mahatma Gandhi,do not like,Vodka,never do,GOOD
Male,Midlife,unmarried,weak,Asian,Buddhism,Moderate,UNESCO,Dalai Lama,do not like,Whiskey,never do,GOOD
Female,Midlife,divorced,strong,European,Islam,Moderate,UNESCO,Muhammad s.m.,do not like,dislike,never do,GOOD
Female,Mature,unmarried,strong,Asian,Islam,Moderate,Hilf al-Fudul,Muhammad s.m.,do not like,dislike,never do,GOOD
Male,Adolescence,unmarried,very strong,Asian,Buddhism,Traditionalist,UNESCO,Dalai Lama,do not like,beer,never do,GOOD
Male,Midlife,unmarried,strong,Latin,Christianity,Traditionalist,UNESCO,Mother Teresa,do not like,Vodka,never do,GOOD
Female,Adulthood,unmarried,very strong,Asian,Hinduism,Moderate,UNESCO,Mother Teresa,do not like,Whiskey,never do,GOOD
Female,Mature,unmarried,very strong,European,Christianity,Traditionalist,UNESCO,Mother Teresa,do not like,Chhang ,never do,GOOD
Male,Mature,married,strong,Latin,Christianity,Moderate,UNESCO,Fidel Castro,do not like,Wine,never do,GOOD
Female,Mature,married,very strong,African,Christianity,Progressive,Hilf al-Fudul,Nelson Mandela,do not like,Tequila,Lesbian,GOOD
Male,Mature,divorced,very strong,Asian,Buddhism,Conservative,UNESCO,Gautam Buddha,do not like,Whiskey,never do,GOOD
Male,Adolescence,unmarried,very strong,American,Christianity,Moderate,UNESCO,Abraham Lincoln,do not like,Wine,never do,GOOD
Female,Adulthood,unmarried,strong,Asian,Buddhism,Conservative,RED CROSS,Dalai Lama,do not like,Vodka,never do,GOOD
Female,Mature,divorced,very strong,Latin,Christianity,Conservative,UNESCO,Fidel Castro,do not like,Whiskey,never do,GOOD
Female,Midlife,unmarried,strong,Asian,Islam,Conservative,RED CRESCENT,Sheikh Mujibur Rahman,do not like,dislike,never do,GOOD
Female,Midlife,married,strong,Asian,Islam,Moderate,Hilf al-Fudul,Muhammad s.m.,do not like,dislike,never do,GOOD
Male,Midlife,divorced,strong,Asian,Islam,Moderate,Hilf al-Fudul,Muhammad s.m.,do not like,dislike,never do,GOOD
Female,Midlife,divorced,strong,Asian,Islam,Conservative,RED CRESCENT,Sheikh Mujibur Rahman,do not like,dislike,never do,GOOD
Male,Adolescence,unmarried,very strong,Asian,Islam,Moderate,Hilf al-Fudul,Muhammad s.m.,do not like,dislike,never do,GOOD
Female,Midlife,unmarried,weak,American,Christianity,Progressive,RED CROSS,Fidel Castro,do not like,dislike,never do,GOOD
Female,Adolescence,unmarried,strong,Asian,Buddhism,Moderate,UNESCO,Dalai Lama,do not like,Tequila,never do,GOOD
Male,Adolescence,unmarried,very weak,European,Buddhism,Extremist,Bodu Bala Sena,Kirama Wimalajothi,Chink,Whiskey,damn,GOOD
Male,Adulthood,divorced,weak,Asian,Hinduism,Traditionalist,Divine Life Society,Mahatma Gandhi,do not like,Wine,never do,GOOD
Male,Adolescence,unmarried,weak,Asian,Hinduism,Extremist,Shiv Sena,Bal Thackeray,Paki,Rum,Piss off,BAD
Male,Mature,married,very strong,Latin,Hinduism,Moderate,Divine Life Society,Fidel Castro,do not like,Whiskey,Bitchy,GOOD
Female,Mature,unmarried,strong,European,Buddhism,Traditionalist,UNESCO,Gautam Buddha,do not like,dislike,jerk-off,GOOD
Female,Midlife,married,strong,Asian,Hinduism,Traditionalist,Shiv Sena,Nelson Mandela,do not like,Whiskey,never do,GOOD
Male,Adolescence,unmarried,strong,Asian,Islam,Moderate,RED CRESCENT,Sheikh Mujibur Rahman,do not like,dislike,never do,GOOD
Female,Mature,married,strong,Asian,Islam,Progressive,RED CRESCENT,Sheikh Mujibur Rahman,do not like,dislike,never do,GOOD
Female,Adulthood,divorced,strong,Asian,Islam,Moderate,Hilf al-Fudul,Muhammad s.m.,do not like,dislike,never do,GOOD
Male,Mature,married,very strong,Asian,Hinduism,Conservative,Al-Qaeda,Nelson Mandela,do not like,Tequila,never do,GOOD
Male,Mature,divorced,strong,Asian,Islam,Conservative,Hilf al-Fudul,Muhammad s.m.,do not like,dislike,never do,GOOD
Male,Adolescence,unmarried,very weak,Asian,Hinduism,Extremist,Shiv Sena,Bal Thackeray,Paki,Wine,shit,BAD
Female,Adulthood,unmarried,strong,European,Hinduism,Moderate,Divine Life Society,Mahatma Gandhi,do not like,Vodka,never do,GOOD
Female,Midlife,married,very strong,Asian,Hinduism,Progressive,Divine Life Society,Mahatma Gandhi,do not like,Chhang ,never do,GOOD
Female,Midlife,married,weak,Asian,Hinduism,Moderate,Hilf al-Fudul,Nelson Mandela,do not like,Chhang ,Bastard,GOOD
Male,Adolescence,unmarried,strong,Asian,Christianity,Conservative,RED CROSS,Donald Trump,do not like,Wine,never do,GOOD
Female,Mature,unmarried,very weak,Latin,Hinduism,Progressive,Al-Qaeda,Hibatullah Akhundzada,Eightball,Chhang ,Bitchy,BAD
Female,Adolescence,unmarried,strong,Asian,Hinduism,Extremist,UNESCO,Sheikh Mujibur Rahman,do not like,dislike,f u c k e r,GOOD
Male,Mature,divorced,strong,Asian,Hinduism,Traditionalist,Divine Life Society,Mahatma Gandhi,do not like,Rum,never do,GOOD
Female,Mature,married,strong,Asian,Islam,Moderate,Hilf al-Fudul,Muhammad s.m.,do not like,dislike,never do,GOOD
Female,Midlife,unmarried,weak,African,Christianity,Moderate,RED CROSS,Nelson Mandela,do not like,Tequila,shit,GOOD
Male,Midlife,married,very strong,Asian,Buddhism,Conservative,RED CROSS,Gautam Buddha,do not like,Rum,Bitchy,GOOD
Female,Mature,unmarried,very strong,Asian,Hinduism,Progressive,Divine Life Society,Mahatma Gandhi,do not like,Wine,never do,GOOD
Male,Midlife,married,very strong,Latin,Christianity,Conservative,RED CROSS,Fidel Castro,do not like,Wine,never do,GOOD
Female,Adolescence,unmarried,strong,European,Islam,Progressive,RED CRESCENT,Muhammad s.m.,do not like,dislike,never do,GOOD
Female,Adulthood,married,very weak,Asian,Buddhism,Extremist,Bodu Bala Sena,Kirama Wimalajothi,do not like,Chhang ,gay,BAD
Male,Adolescence,unmarried,strong,Asian,Hinduism,Progressive,Divine Life Society,Fidel Castro,do not like,dislike,never do,GOOD
Female,Mature,married,very strong,Latin,Islam,Moderate,RED CRESCENT,Muhammad s.m.,do not like,dislike,never do,GOOD
Female,Adolescence,unmarried,weak,Asian,Hinduism,Extremist,Shiv Sena,Bal Thackeray,Crow,Rum,jerk-off,BAD
Female,Midlife,unmarried,weak,African,Christianity,Traditionalist,RED CROSS,Nelson Mandela,do not like,Wine,bitch,GOOD
Female,Adulthood,unmarried,strong,Asian,Islam,Progressive,Hilf al-Fudul,Muhammad s.m.,do not like,dislike,never do,GOOD
Female,Adolescence,unmarried,very weak,Asian,Buddhism,Extremist,Bodu Bala Sena,Kirama Wimalajothi,nigger,Chhang ,shit,BAD
Female,Midlife,married,strong,American,Hinduism,Traditionalist,Divine Life Society,Mahatma Gandhi,do not like,Chhang ,never do,GOOD
Male,Mature,divorced,strong,Latin,Christianity,Progressive,UNESCO,Fidel Castro,do not like,Rum,never do,GOOD
Male,Midlife,divorced,strong,Asian,Islam,Conservative,Hilf al-Fudul,Muhammad s.m.,do not like,dislike,never do,GOOD
Female,Adulthood,unmarried,strong,Asian,Islam,Moderate,Hilf al-Fudul,Muhammad s.m.,do not like,dislike,never do,GOOD
Male,Midlife,divorced,very strong,African,Buddhism,Moderate,UNESCO,Gautam Buddha,do not like,dislike,honkey,GOOD
Male,Adolescence,unmarried,strong,African,Islam,Conservative,RED CRESCENT,Nelson Mandela,do not like,dislike,never do,GOOD
Male,Mature,unmarried,very weak,African,Buddhism,Traditionalist,Bodu Bala Sena,Kirama Wimalajothi,Coon,Tequila,Bugger,BAD
Female,Mature,unmarried,very strong,African,Christianity,Conservative,RED CROSS,Nelson Mandela,do not like,Whiskey,never do,GOOD
Female,Mature,unmarried,very strong,Latin,Buddhism,Traditionalist,Hilf al-Fudul,Mahatma Gandhi,do not like,Whiskey,never do,GOOD
Male,Adulthood,married,very strong,European,Islam,Moderate,RED CRESCENT,Muhammad s.m.,do not like,dislike,never do,GOOD
Male,Midlife,married,strong,African,Christianity,Conservative,RED CROSS,Donald Trump,do not like,dislike,Bastard,GOOD
Female,Adulthood,divorced,weak,Latin,Islam,Extremist,Taliban,Hibatullah Akhundzada,do not like,dislike,never do,BAD
Male,Mature,divorced,very strong,Asian,Nonreligious,Traditionalist,Hilf al-Fudul,Sheikh Mujibur Rahman,do not like,Tequila,never do,GOOD
Male,Mature,unmarried,very strong,African,Islam,Moderate,Hilf al-Fudul,Muhammad s.m.,do not like,dislike,never do,GOOD
Female,Adolescence,unmarried,very strong,American,Hinduism,Conservative,UNESCO,Mahatma Gandhi,do not like,Whiskey,never do,GOOD
Female,Mature,unmarried,weak,Asian,Buddhism,Conservative,UNESCO,Dalai Lama,do not like,Tequila,never do,GOOD
Male,Midlife,married,strong,European,Christianity,Traditionalist,RED CROSS,Sheikh Mujibur Rahman,do not like,Whiskey,never do,GOOD
Male,Mature,divorced,strong,European,Buddhism,Conservative,UNESCO,Dalai Lama,do not like,Rum,never do,GOOD
Male,Adolescence,unmarried,strong,Asian,Islam,Traditionalist,UNESCO,Sheikh Mujibur Rahman,do not like,dislike,never do,GOOD
Female,Midlife,unmarried,strong,Asian,Islam,Moderate,RED CRESCENT,Muhammad s.m.,do not like,dislike,never do,GOOD
Male,Midlife,married,weak,Asian,Buddhism,Extremist,Nazi Party,Kirama Wimalajothi,do not like,Rum,Bugger,BAD
Male,Adolescence,unmarried,strong,African,Islam,Traditionalist,RED CRESCENT,Muhammad s.m.,do not like,dislike,never do,GOOD
Female,Adulthood,divorced,strong,American,Hinduism,Moderate,RED CRESCENT,Mother Teresa,Crow,Whiskey,never do,GOOD
Male,Adulthood,married,strong,Asian,Islam,Traditionalist,UNESCO,Sheikh Mujibur Rahman,do not like,dislike,never do,GOOD
Male,Midlife,married,strong,European,Islam,Moderate,Hilf al-Fudul,Muhammad s.m.,do not like,dislike,never do,GOOD
Male,Midlife,divorced,very weak,Asian,Buddhism,Extremist,Bodu Bala Sena,Kirama Wimalajothi,Paki,Rum,assh0le,BAD
Female,Midlife,divorced,strong,Asian,Christianity,Progressive,RED CROSS,Abraham Lincoln,do not like,Whiskey,jerk-off,GOOD
Male,Adulthood,unmarried,strong,European,Islam,Moderate,RED CRESCENT,Muhammad s.m.,do not like,dislike,never do,GOOD
Male,Adulthood,married,strong,American,Islam,Progressive,UNESCO,Muhammad s.m.,do not like,dislike,never do,GOOD
Male,Adulthood,unmarried,strong,Asian,Buddhism,Conservative,UNESCO,Gautam Buddha,do not like,dislike,bitch,GOOD
Male,Mature,married,very strong,Asian,Buddhism,Conservative,RED CROSS,Gautam Buddha,do not like,Rum,never do,GOOD
Female,Midlife,married,very weak,Asian,Hinduism,Extremist,Shiv Sena,Bal Thackeray,Chink,Tequila,bitch,BAD
Female,Adolescence,unmarried,very strong,African,Christianity,Conservative,UNESCO,Donald Trump,do not like,Chhang ,never do,GOOD
Male,Adolescence,unmarried,weak,African,Christianity,Moderate,UNESCO,Abraham Lincoln,do not like,Wine,never do,GOOD
Male,Midlife,unmarried,strong,Asian,Islam,Moderate,RED CRESCENT,Muhammad s.m.,do not like,dislike,never do,GOOD
Male,Midlife,unmarried,strong,European,Islam,Moderate,Hilf al-Fudul,Muhammad s.m.,do not like,dislike,never do,GOOD
Male,Adolescence,unmarried,very weak,European,Nonreligious,Extremist,Nazi Party,Adolf Hitler,Chink,Chhang ,never do,BAD
Male,Adulthood,married,very strong,Asian,Islam,Moderate,Hilf al-Fudul,Muhammad s.m.,do not like,dislike,never do,GOOD
Female,Mature,married,strong,European,Islam,Moderate,Hilf al-Fudul,Muhammad s.m.,do not like,dislike,never do,GOOD
Female,Midlife,unmarried,weak,Latin,Islam,Extremist,RED CROSS,Adolf Hitler,Eightball,beer,Piss off,BAD
Male,Midlife,married,weak,Asian,Hinduism,Moderate,Divine Life Society,Mahatma Gandhi,do not like,Tequila,never do,GOOD
Male,Adolescence,unmarried,strong,African,Islam,Progressive,Hilf al-Fudul,Muhammad s.m.,do not like,dislike,never do,GOOD
Female,Adulthood,married,very strong,African,Nonreligious,Conservative,UNESCO,Nelson Mandela,do not like,Vodka,never do,GOOD
Female,Adulthood,divorced,weak,Latin,Christianity,Extremist,FARC,Rodrigo LondoÒo,Chink,Rum,f u c k e r,BAD
Male,Adulthood,unmarried,strong,European,Islam,Moderate,RED CRESCENT,Mother Teresa,do not like,dislike,never do,GOOD
Female,Midlife,divorced,very strong,African,Christianity,Conservative,RED CROSS,Nelson Mandela,do not like,Tequila,jerk-off,GOOD
Male,Adulthood,divorced,strong,Asian,Islam,Conservative,RED CRESCENT,Sheikh Mujibur Rahman,do not like,dislike,never do,GOOD
Female,Mature,unmarried,weak,European,Nonreligious,Extremist,Nazi Party,Adolf Hitler,nigger,Chhang ,jerk-off,BAD
Male,Midlife,married,very strong,Asian,Buddhism,Progressive,UNESCO,Gautam Buddha,do not like,Wine,shit,GOOD
Male,Adulthood,divorced,weak,Asian,Buddhism,Conservative,RED CROSS,Dalai Lama,do not like,beer,never do,GOOD
Male,Adulthood,unmarried,weak,American,Christianity,Progressive,UNESCO,Abraham Lincoln,do not like,Wine,never do,GOOD
Male,Midlife,divorced,strong,Asian,Islam,Conservative,UNESCO,Muhammad s.m.,do not like,dislike,never do,GOOD
Male,Mature,married,strong,Asian,Islam,Moderate,Hilf al-Fudul,Muhammad s.m.,do not like,dislike,never do,GOOD
Female,Adolescence,unmarried,very strong,Asian,Christianity,Moderate,UNESCO,Abraham Lincoln,do not like,Vodka,never do,GOOD
Female,Mature,divorced,weak,Latin,Christianity,Traditionalist,RED CROSS,Gerry Adams,Coon,Wine,f u c k e r,BAD
Male,Mature,married,weak,African,Christianity,Moderate,RED CROSS,Nelson Mandela,do not like,Chhang ,Bitchy,GOOD
Male,Adulthood,married,very strong,Latin,Islam,Conservative,RED CRESCENT,Muhammad s.m.,Paki,dislike,never do,GOOD
Male,Midlife,divorced,very strong,European,Buddhism,Conservative,UNESCO,Gautam Buddha,do not like,Wine,honkey,GOOD
Female,Mature,divorced,strong,Asian,Buddhism,Traditionalist,UNESCO,Dalai Lama,do not like,Chhang ,never do,GOOD
Female,Adolescence,unmarried,weak,American,Nonreligious,Conservative,Divine Life Society,Hibatullah Akhundzada,Crow,dislike,assh0le,BAD
Male,Mature,divorced,very strong,Asian,Buddhism,Traditionalist,RED CROSS,Dalai Lama,do not like,Wine,never do,GOOD
Female,Adolescence,unmarried,weak,Asian,Nonreligious,Conservative,UNESCO,Abraham Lincoln,do not like,dislike,never do,GOOD
Male,Mature,divorced,strong,Asian,Buddhism,Progressive,RED CROSS,Nelson Mandela,do not like,Rum,never do,GOOD
Female,Adulthood,unmarried,very strong,Asian,Islam,Conservative,UNESCO,Sheikh Mujibur Rahman,do not like,dislike,never do,GOOD
Female,Adolescence,unmarried,strong,Asian,Nonreligious,Conservative,Hilf al-Fudul,Sheikh Mujibur Rahman,do not like,Whiskey,never do,GOOD
Male,Adulthood,divorced,strong,Asian,Christianity,Progressive,RED CROSS,Fidel Castro,do not like,Whiskey,never do,GOOD
Male,Adulthood,married,strong,American,Christianity,Conservative,RED CROSS,Donald Trump,do not like,Tequila,never do,GOOD
Female,Adolescence,unmarried,strong,Latin,Islam,Traditionalist,UNESCO,Muhammad s.m.,do not like,dislike,never do,GOOD
Female,Adolescence,unmarried,very strong,Asian,Islam,Moderate,RED CRESCENT,Sheikh Mujibur Rahman,do not like,dislike,never do,GOOD
Female,Mature,married,very weak,European,Hinduism,Extremist,Taliban,Adolf Hitler,Chink,beer,gay,BAD
Female,Mature,divorced,very weak,Asian,Hinduism,Extremist,Shiv Sena,Bal Thackeray,do not like,Rum,f u c k e r,BAD
Male,Adulthood,unmarried,strong,Asian,Christianity,Traditionalist,RED CROSS,Sheikh Mujibur Rahman,do not like,Tequila,never do,GOOD
Female,Adolescence,unmarried,strong,European,Buddhism,Conservative,RED CROSS,Gautam Buddha,do not like,Whiskey,never do,GOOD
Male,Midlife,married,strong,American,Christianity,Conservative,RED CROSS,Donald Trump,do not like,Whiskey,never do,GOOD
Female,Adolescence,unmarried,strong,Asian,Buddhism,Conservative,UNESCO,Dalai Lama,do not like,dislike,never do,GOOD
Male,Mature,unmarried,very strong,American,Buddhism,Progressive,UNESCO,Fidel Castro,do not like,Chhang ,never do,GOOD
Female,Mature,divorced,very strong,African,Islam,Traditionalist,Hilf al-Fudul,Muhammad s.m.,do not like,dislike,never do,GOOD
Male,Adulthood,divorced,strong,Latin,Nonreligious,Traditionalist,RED CROSS,Fidel Castro,do not like,Whiskey,never do,GOOD
Female,Adolescence,unmarried,strong,Asian,Islam,Conservative,UNESCO,Muhammad s.m.,do not like,dislike,never do,GOOD
Male,Adolescence,unmarried,very weak,Asian,Buddhism,Conservative,Bodu Bala Sena,Kirama Wimalajothi,Paki,Chhang ,Lesbian,BAD
Female,Adolescence,married,very strong,European,Islam,Conservative,RED CRESCENT,Sheikh Mujibur Rahman,Paki,dislike,f u c k e r,GOOD
Female,Adulthood,married,very strong,African,Christianity,Moderate,RED CROSS,Nelson Mandela,do not like,Tequila,Bitchy,GOOD
Female,Adolescence,unmarried,very weak,European,Christianity,Extremist,Nazi Party,Adolf Hitler,Bamboula,Chhang ,Piss off,BAD
Male,Midlife,unmarried,weak,Latin,Nonreligious,Extremist,FARC,Rodrigo LondoÒo,Bamboula,Chhang ,gay,BAD
Female,Adulthood,unmarried,very weak,African,Buddhism,Extremist,Bodu Bala Sena,Kirama Wimalajothi,do not like,Tequila,Bastard,BAD
Male,Adolescence,unmarried,strong,Asian,Buddhism,Conservative,UNESCO,Abraham Lincoln,do not like,Whiskey,Bugger,GOOD
Female,Adulthood,unmarried,strong,American,Nonreligious,Moderate,RED CROSS,Mother Teresa,do not like,beer,never do,GOOD
Female,Adolescence,unmarried,very weak,Asian,Buddhism,Extremist,Bodu Bala Sena,Kirama Wimalajothi,Crow,Rum,Belligerent,BAD
Male,Mature,divorced,strong,American,Christianity,Moderate,RED CROSS,Abraham Lincoln,do not like,Rum,shit,GOOD
Female,Midlife,unmarried,very strong,American,Christianity,Conservative,RED CROSS,Donald Trump,do not like,Rum,never do,GOOD
Male,Adulthood,married,strong,American,Christianity,Moderate,UNESCO,Abraham Lincoln,do not like,dislike,never do,GOOD
Male,Adulthood,unmarried,very weak,Latin,Christianity,Conservative,Bodu Bala Sena,Adolf Hitler,Coon,Rum,Piss off,BAD
Male,Adolescence,unmarried,strong,Asian,Islam,Conservative,UNESCO,Sheikh Mujibur Rahman,do not like,dislike,never do,GOOD
Male,Midlife,divorced,weak,Asian,Hinduism,Extremist,Shiv Sena,Bal Thackeray,do not like,dislike,honkey,BAD
Male,Adolescence,unmarried,very strong,Asian,Islam,Moderate,RED CRESCENT,Sheikh Mujibur Rahman,do not like,dislike,never do,GOOD
Female,Midlife,married,strong,Asian,Islam,Extremist,Taliban,Hibatullah Akhundzada,do not like,dislike,never do,GOOD
Female,Midlife,divorced,very strong,Asian,Buddhism,Conservative,UNESCO,Dalai Lama,do not like,dislike,never do,GOOD
Female,Midlife,divorced,strong,Asian,Islam,Moderate,RED CRESCENT,Muhammad s.m.,do not like,dislike,never do,GOOD
Female,Midlife,married,weak,Asian,Hinduism,Extremist,Shiv Sena,Bal Thackeray,Crow,Rum,shit,BAD
Male,Adolescence,unmarried,strong,European,Christianity,Conservative,RED CROSS,Mother Teresa,do not like,Wine,never do,GOOD
Male,Adolescence,unmarried,strong,Asian,Islam,Conservative,UNESCO,Muhammad s.m.,do not like,dislike,never do,GOOD
Female,Adulthood,married,very strong,African,Islam,Moderate,Hilf al-Fudul,Muhammad s.m.,do not like,dislike,never do,GOOD
Female,Adulthood,married,weak,American,Nonreligious,Traditionalist,RED CROSS,Nelson Mandela,do not like,Chhang ,never do,GOOD
Female,Mature,married,very strong,Latin,Christianity,Conservative,UNESCO,Fidel Castro,do not like,Rum,f u c k e r,GOOD
Female,Mature,divorced,very weak,Asian,Buddhism,Extremist,Bodu Bala Sena,Kirama Wimalajothi,Eightball,Whiskey,Belligerent,BAD
Male,Midlife,married,strong,Asian,Islam,Conservative,UNESCO,Sheikh Mujibur Rahman,do not like,dislike,never do,GOOD
Male,Adolescence,unmarried,weak,African,Islam,Extremist,ISIS,al-Baghdadi,do not like,dislike,never do,BAD
Female,Adulthood,married,very strong,Asian,Islam,Moderate,Hilf al-Fudul,Muhammad s.m.,do not like,dislike,never do,GOOD
Female,Adolescence,unmarried,very strong,Asian,Nonreligious,Moderate,UNESCO,Abraham Lincoln,do not like,Wine,never do,GOOD
Female,Adolescence,unmarried,very strong,American,Islam,Moderate,RED CRESCENT,Abraham Lincoln,do not like,dislike,never do,GOOD
Female,Midlife,divorced,strong,European,Nonreligious,Traditionalist,RED CROSS,Fidel Castro,do not like,Chhang ,never do,GOOD
Male,Adolescence,unmarried,weak,Asian,Buddhism,Extremist,Bodu Bala Sena,Kirama Wimalajothi,nigger,dislike,assh0le,BAD
Male,Adolescence,unmarried,very strong,Latin,Christianity,Conservative,RED CROSS,Mother Teresa,do not like,Wine,never do,GOOD
Male,Adulthood,divorced,very weak,European,Nonreligious,Extremist,Nazi Party,Adolf Hitler,nigger,Tequila,damn,BAD
Male,Mature,divorced,strong,African,Buddhism,Moderate,UNESCO,Gautam Buddha,do not like,Whiskey,never do,GOOD
Female,Adulthood,divorced,very weak,Asian,Buddhism,Conservative,Bodu Bala Sena,Kirama Wimalajothi,Eightball,Whiskey,shit,BAD
Female,Midlife,unmarried,strong,African,Islam,Conservative,UNESCO,Muhammad s.m.,do not like,dislike,never do,GOOD
Female,Midlife,unmarried,weak,European,Christianity,Progressive,RED CROSS,Mother Teresa,do not like,Tequila,damn,GOOD
Male,Mature,unmarried,weak,European,Nonreligious,Extremist,Nazi Party,Adolf Hitler,nigger,beer,Piss off,BAD
Male,Mature,married,strong,Asian,Hinduism,Moderate,UNESCO,Sheikh Mujibur Rahman,do not like,Whiskey,crap,GOOD
Male,Midlife,divorced,very strong,European,Islam,Moderate,RED CRESCENT,Muhammad s.m.,do not like,dislike,never do,GOOD
Female,Adolescence,unmarried,strong,African,Christianity,Moderate,RED CROSS,Nelson Mandela,do not like,Rum,jerk-off,GOOD
Female,Mature,married,very weak,Asian,Hinduism,Extremist,Shiv Sena,Bal Thackeray,Eightball,Chhang ,never do,BAD
Female,Mature,divorced,weak,American,Nonreligious,Traditionalist,UNESCO,Mother Teresa,do not like,dislike,damn,GOOD
Male,Adolescence,unmarried,strong,African,Buddhism,Moderate,UNESCO,Abraham Lincoln,do not like,Wine,Belligerent,GOOD
Female,Adolescence,unmarried,strong,American,Islam,Moderate,RED CRESCENT,Muhammad s.m.,do not like,dislike,never do,GOOD
Male,Adulthood,unmarried,weak,European,Christianity,Extremist,Nazi Party,Adolf Hitler,Bamboula,Vodka,Lesbian,BAD
Female,Adulthood,unmarried,very strong,American,Islam,Conservative,UNESCO,Muhammad s.m.,do not like,dislike,never do,GOOD
Female,Midlife,unmarried,very weak,Latin,Nonreligious,Extremist,FARC,Rodrigo LondoÒo,Paki,Tequila,honkey,BAD
Male,Midlife,unmarried,strong,European,Christianity,Moderate,UNESCO,Mother Teresa,do not like,Chhang ,honkey,GOOD
Male,Midlife,married,strong,European,Islam,Conservative,Hilf al-Fudul,Muhammad s.m.,Coon,Wine,never do,GOOD
Male,Adolescence,married,strong,Asian,Buddhism,Extremist,RED CROSS,Dalai Lama,do not like,Wine,never do,GOOD
Female,Adulthood,unmarried,very strong,American,Nonreligious,Progressive,UNESCO,Abraham Lincoln,do not like,Vodka,shit,GOOD
Female,Adolescence,married,very strong,Asian,Christianity,Conservative,RED CROSS,Nelson Mandela,do not like,Whiskey,Bitchy,GOOD
Male,Midlife,unmarried,weak,Asian,Hinduism,Extremist,Shiv Sena,Bal Thackeray,do not like,Chhang ,crap,BAD
Male,Mature,unmarried,weak,European,Islam,Extremist,Taliban,Hibatullah Akhundzada,do not like,dislike,never do,BAD
Male,Midlife,divorced,very strong,Latin,Christianity,Conservative,UNESCO,Fidel Castro,Chink,dislike,never do,GOOD
Male,Adolescence,unmarried,very strong,Latin,Christianity,Progressive,UNESCO,Fidel Castro,do not like,beer,never do,GOOD
Male,Midlife,divorced,very strong,Asian,Buddhism,Extremist,UNESCO,Dalai Lama,do not like,Vodka,never do,GOOD
Female,Mature,married,strong,Asian,Islam,Moderate,Hilf al-Fudul,Sheikh Mujibur Rahman,do not like,Vodka,never do,GOOD
Female,Adulthood,married,very strong,Latin,Islam,Moderate,RED CRESCENT,Fidel Castro,do not like,dislike,never do,GOOD
Male,Mature,married,very weak,Asian,Buddhism,Extremist,Bodu Bala Sena,Kirama Wimalajothi,nigger,beer,Bugger,BAD
Male,Mature,divorced,strong,Asian,Christianity,Conservative,RED CRESCENT,Nelson Mandela,do not like,Tequila,never do,GOOD
Male,Midlife,married,very strong,Latin,Christianity,Moderate,UNESCO,Fidel Castro,do not like,Rum,jerk-off,GOOD
Female,Adolescence,unmarried,weak,Asian,Islam,Extremist,Al-Qaeda,Ayman al-Zawahiri,do not like,dislike,never do,BAD
Female,Mature,divorced,weak,European,Buddhism,Conservative,UNESCO,Dalai Lama,do not like,Rum,never do,GOOD
Female,Midlife,divorced,very strong,Asian,Buddhism,Moderate,UNESCO,Gautam Buddha,do not like,beer,never do,GOOD
Male,Mature,married,strong,Asian,Buddhism,Moderate,UNESCO,Gautam Buddha,do not like,Chhang ,never do,GOOD
Female,Adulthood,divorced,strong,European,Hinduism,Traditionalist,RED CRESCENT,Mahatma Gandhi,do not like,Tequila,never do,GOOD
Male,Adulthood,married,very strong,Latin,Christianity,Traditionalist,Divine Life Society,Abraham Lincoln,Coon,dislike,shit,GOOD
Male,Adolescence,unmarried,very weak,European,Christianity,Extremist,Nazi Party,Adolf Hitler,Coon,Chhang ,never do,BAD
Female,Midlife,divorced,weak,Asian,Hinduism,Progressive,Divine Life Society,Mahatma Gandhi,do not like,Vodka,never do,GOOD
Female,Midlife,divorced,strong,European,Islam,Conservative,UNESCO,Sheikh Mujibur Rahman,do not like,dislike,never do,GOOD
Female,Adolescence,unmarried,strong,Asian,Buddhism,Moderate,UNESCO,Gautam Buddha,do not like,Vodka,never do,GOOD
Female,Mature,unmarried,strong,Latin,Hinduism,Moderate,Divine Life Society,Mother Teresa,do not like,Whiskey,never do,GOOD
Female,Adulthood,unmarried,very strong,Asian,Hinduism,Moderate,Divine Life Society,Mahatma Gandhi,do not like,dislike,never do,GOOD
Male,Mature,unmarried,weak,European,Christianity,Conservative,Real IRA,Gerry Adams,Coon,beer,Belligerent,BAD
Male,Mature,married,weak,Asian,Hinduism,Extremist,Shiv Sena,Bal Thackeray,Paki,Chhang ,Piss off,BAD
Female,Adulthood,unmarried,weak,Asian,Buddhism,Conservative,Bodu Bala Sena,Kirama Wimalajothi,Paki,Tequila,never do,BAD
Female,Midlife,married,weak,European,Christianity,Extremist,Real IRA,Gerry Adams,Bamboula,Wine,Belligerent,BAD
Male,Mature,divorced,weak,Asian,Islam,Extremist,Al-Qaeda,Ayman al-Zawahiri,do not like,dislike,never do,BAD
Male,Midlife,divorced,very strong,Asian,Nonreligious,Progressive,UNESCO,Fidel Castro,do not like,dislike,never do,GOOD
Male,Adolescence,unmarried,weak,Asian,Buddhism,Extremist,Bodu Bala Sena,Kirama Wimalajothi,Paki,Chhang ,Piss off,BAD
Female,Midlife,married,very strong,American,Islam,Moderate,Hilf al-Fudul,Muhammad s.m.,do not like,dislike,never do,GOOD
Male,Mature,unmarried,strong,European,Christianity,Moderate,RED CROSS,Abraham Lincoln,do not like,Tequila,never do,GOOD
Female,Adolescence,unmarried,weak,Latin,Hinduism,Conservative,Divine Life Society,Mother Teresa,do not like,Chhang ,never do,GOOD
Female,Midlife,married,weak,African,Christianity,Conservative,RED CROSS,Donald Trump,do not like,Rum,never do,GOOD
Female,Midlife,unmarried,very strong,African,Islam,Conservative,Hilf al-Fudul,Muhammad s.m.,do not like,dislike,never do,GOOD
Male,Midlife,divorced,strong,African,Christianity,Moderate,RED CROSS,Nelson Mandela,do not like,Tequila,never do,GOOD
Female,Midlife,unmarried,very strong,Asian,Christianity,Conservative,RED CROSS,Nelson Mandela,do not like,Whiskey,jerk-off,GOOD
Female,Mature,married,very strong,Asian,Islam,Conservative,RED CRESCENT,Sheikh Mujibur Rahman,do not like,dislike,never do,GOOD
Female,Mature,married,weak,Latin,Hinduism,Conservative,Real IRA,Hibatullah Akhundzada,Eightball,Rum,Bastard,BAD
Male,Adolescence,married,strong,Asian,Islam,Traditionalist,RED CRESCENT,Sheikh Mujibur Rahman,do not like,dislike,never do,GOOD
Male,Adulthood,divorced,weak,American,Islam,Extremist,ISIS,al-Baghdadi,do not like,dislike,never do,BAD
Female,Mature,divorced,weak,Asian,Hinduism,Traditionalist,Nazi Party,Gerry Adams,Chink,dislike,assh0le,BAD
Female,Adulthood,unmarried,very strong,Latin,Christianity,Moderate,RED CROSS,Fidel Castro,do not like,Tequila,Pakau,GOOD
Female,Mature,unmarried,very weak,European,Christianity,Extremist,Real IRA,Gerry Adams,Crow,dislike,jerk-off,BAD
Female,Adolescence,unmarried,weak,African,Islam,Extremist,ISIS,al-Baghdadi,do not like,dislike,never do,BAD
Male,Adulthood,married,strong,Asian,Hinduism,Extremist,UNESCO,Abraham Lincoln,do not like,dislike,never do,GOOD
Male,Adolescence,unmarried,very strong,American,Hinduism,Conservative,UNESCO,Mahatma Gandhi,do not like,Wine,never do,GOOD
Female,Adulthood,unmarried,weak,European,Christianity,Extremist,Nazi Party,Adolf Hitler,Chink,Vodka,damn,BAD
Female,Mature,divorced,very strong,American,Christianity,Conservative,RED CROSS,Donald Trump,do not like,Whiskey,never do,GOOD
Female,Midlife,unmarried,strong,African,Nonreligious,Conservative,RED CROSS,Nelson Mandela,do not like,Rum,never do,GOOD
Female,Adulthood,married,strong,Latin,Islam,Moderate,RED CRESCENT,Muhammad s.m.,do not like,dislike,never do,GOOD
Female,Midlife,married,very strong,African,Christianity,Traditionalist,UNESCO,Nelson Mandela,do not like,Whiskey,assh0le,GOOD
Male,Adulthood,married,strong,European,Islam,Traditionalist,RED CRESCENT,Muhammad s.m.,do not like,dislike,never do,GOOD
Female,Mature,divorced,strong,Asian,Hinduism,Moderate,UNESCO,Mother Teresa,do not like,Rum,never do,GOOD
Male,Adolescence,unmarried,very strong,Latin,Christianity,Conservative,RED CROSS,Fidel Castro,do not like,Rum,never do,GOOD
Female,Adulthood,unmarried,weak,Asian,Christianity,Moderate,UNESCO,Mother Teresa,do not like,beer,shit,GOOD
Female,Midlife,divorced,strong,Asian,Islam,Conservative,RED CRESCENT,Sheikh Mujibur Rahman,do not like,dislike,never do,GOOD
Male,Adulthood,unmarried,very strong,Asian,Hinduism,Traditionalist,UNESCO,Sheikh Mujibur Rahman,do not like,Tequila,assh0le,GOOD
Male,Midlife,divorced,very strong,African,Islam,Progressive,Hilf al-Fudul,Muhammad s.m.,do not like,dislike,never do,GOOD
Male,Midlife,divorced,very strong,American,Hinduism,Conservative,Divine Life Society,Gautam Buddha,do not like,Rum,never do,GOOD
Female,Midlife,married,very strong,African,Hinduism,Conservative,RED CROSS,Mother Teresa,do not like,Rum,never do,GOOD
Female,Adolescence,unmarried,strong,African,Islam,Moderate,Hilf al-Fudul,Muhammad s.m.,do not like,dislike,never do,GOOD
Male,Midlife,divorced,weak,Latin,Christianity,Extremist,FARC,Rodrigo LondoÒo,do not like,beer,jerk-off,BAD
Male,Adolescence,unmarried,weak,Asian,Buddhism,Extremist,Bodu Bala Sena,Kirama Wimalajothi,Paki,Wine,honkey,BAD
Male,Midlife,unmarried,weak,European,Nonreligious,Extremist,UNESCO,Nelson Mandela,do not like,beer,never do,GOOD
Male,Adolescence,unmarried,very strong,American,Christianity,Traditionalist,RED CROSS,Mother Teresa,do not like,Rum,assh0le,GOOD
Female,Adolescence,married,very weak,Asian,Buddhism,Extremist,Bodu Bala Sena,Kirama Wimalajothi,Chink,Vodka,honkey,BAD
Male,Adulthood,unmarried,weak,Asian,Buddhism,Extremist,Bodu Bala Sena,Kirama Wimalajothi,do not like,Vodka,shit,BAD
Male,Adulthood,divorced,strong,European,Christianity,Progressive,RED CROSS,Mother Teresa,do not like,Vodka,never do,GOOD
Male,Adulthood,unmarried,weak,American,Hinduism,Moderate,Divine Life Society,Mahatma Gandhi,do not like,Wine,never do,GOOD
Female,Mature,divorced,strong,African,Nonreligious,Traditionalist,UNESCO,Nelson Mandela,do not like,Vodka,never do,GOOD
Male,Adulthood,unmarried,very weak,American,Christianity,Extremist,FARC,Rodrigo LondoÒo,nigger,Tequila,Piss off,BAD
Male,Adolescence,married,weak,Latin,Christianity,Conservative,RED CROSS,Adolf Hitler,Eightball,dislike,Bugger,BAD
Female,Midlife,divorced,very weak,Asian,Buddhism,Conservative,Bodu Bala Sena,Kirama Wimalajothi,do not like,Whiskey,bitch,BAD
Male,Mature,married,very strong,African,Christianity,Conservative,RED CROSS,Nelson Mandela,do not like,Vodka,honkey,GOOD
Male,Mature,divorced,strong,Asian,Islam,Traditionalist,Hilf al-Fudul,Muhammad s.m.,do not like,dislike,never do,GOOD
Female,Adolescence,unmarried,very weak,European,Christianity,Traditionalist,Nazi Party,Gerry Adams,nigger,Whiskey,Bugger,BAD
Female,Mature,unmarried,strong,American,Christianity,Conservative,RED CROSS,Donald Trump,do not like,Wine,never do,GOOD
Female,Adolescence,unmarried,strong,African,Christianity,Moderate,UNESCO,Nelson Mandela,do not like,Vodka,never do,GOOD
Female,Mature,unmarried,weak,Asian,Islam,Extremist,Al-Qaeda,Ayman al-Zawahiri,do not like,dislike,never do,BAD
Female,Adulthood,unmarried,very strong,European,Islam,Moderate,Hilf al-Fudul,Muhammad s.m.,do not like,dislike,never do,GOOD
Male,Adulthood,divorced,strong,Asian,Islam,Conservative,RED CRESCENT,Muhammad s.m.,do not like,dislike,never do,GOOD
Male,Mature,unmarried,very strong,European,Nonreligious,Moderate,Al-Qaeda,Nelson Mandela,do not like,Vodka,never do,GOOD
Male,Midlife,unmarried,weak,Asian,Islam,Extremist,Al-Qaeda,Ayman al-Zawahiri,do not like,dislike,never do,BAD
Male,Mature,unmarried,strong,Asian,Buddhism,Moderate,Hilf al-Fudul,Sheikh Mujibur Rahman,do not like,Vodka,Belligerent,GOOD
Male,Adulthood,divorced,weak,African,Christianity,Moderate,UNESCO,Nelson Mandela,do not like,Whiskey,never do,GOOD
Female,Midlife,unmarried,weak,Asian,Buddhism,Conservative,Bodu Bala Sena,Kirama Wimalajothi,nigger,beer,bitch,BAD
Female,Mature,married,strong,Asian,Islam,Conservative,Hilf al-Fudul,Muhammad s.m.,do not like,dislike,never do,GOOD
Female,Mature,married,strong,Asian,Buddhism,Conservative,RED CROSS,Dalai Lama,do not like,Rum,never do,GOOD
Female,Adolescence,married,weak,European,Nonreligious,Traditionalist,UNESCO,Mother Teresa,do not like,dislike,never do,GOOD
Female,Adolescence,unmarried,weak,European,Christianity,Conservative,Real IRA,Gerry Adams,do not like,beer,Piss off,BAD
Male,Midlife,unmarried,very strong,Asian,Buddhism,Moderate,RED CROSS,Dalai Lama,do not like,Rum,never do,GOOD
Female,Adolescence,unmarried,strong,American,Christianity,Progressive,UNESCO,Abraham Lincoln,do not like,Vodka,jerk-off,GOOD
Male,Mature,unmarried,strong,Latin,Islam,Traditionalist,RED CRESCENT,Muhammad s.m.,do not like,dislike,never do,GOOD
Male,Mature,unmarried,strong,Latin,Islam,Traditionalist,RED CRESCENT,Muhammad s.m.,do not like,dislike,never do,GOOD
Female,Mature,married,weak,Asian,Islam,Moderate,UNESCO,Sheikh Mujibur Rahman,do not like,dislike,never do,GOOD
Female,Adolescence,unmarried,strong,Asian,Hinduism,Moderate,Hilf al-Fudul,Sheikh Mujibur Rahman,do not like,Wine,jerk-off,GOOD
Male,Adolescence,unmarried,very weak,American,Buddhism,Extremist,Bodu Bala Sena,Kirama Wimalajothi,Coon,Whiskey,never do,BAD
Male,Adolescence,unmarried,very strong,American,Christianity,Conservative,UNESCO,Abraham Lincoln,do not like,Vodka,Pakau,GOOD
Female,Mature,married,strong,African,Christianity,Conservative,UNESCO,Nelson Mandela,do not like,Rum,never do,GOOD
Female,Mature,married,weak,African,Hinduism,Moderate,UNESCO,Nelson Mandela,do not like,beer,assh0le,GOOD
Female,Mature,married,strong,Asian,Islam,Conservative,Hilf al-Fudul,Muhammad s.m.,do not like,dislike,never do,GOOD
Male,Adolescence,unmarried,weak,Latin,Hinduism,Moderate,Divine Life Society,Abraham Lincoln,do not like,Tequila,f u c k e r,GOOD
Female,Adolescence,unmarried,weak,Asian,Buddhism,Traditionalist,RED CROSS,Dalai Lama,do not like,Tequila,never do,GOOD
Male,Mature,married,strong,Asian,Christianity,Traditionalist,RED CROSS,Sheikh Mujibur Rahman,do not like,beer,never do,GOOD
Male,Midlife,married,weak,African,Nonreligious,Progressive,UNESCO,Mother Teresa,do not like,Rum,never do,GOOD
Female,Adolescence,unmarried,weak,Asian,Islam,Extremist,ISIS,al-Baghdadi,do not like,dislike,never do,BAD
Male,Midlife,divorced,strong,African,Islam,Progressive,Hilf al-Fudul,Muhammad s.m.,do not like,Chhang ,never do,GOOD
Female,Adulthood,divorced,very weak,European,Buddhism,Extremist,Bodu Bala Sena,Kirama Wimalajothi,Coon,Tequila,jerk-off,BAD
Male,Midlife,divorced,weak,Asian,Hinduism,Extremist,Shiv Sena,Bal Thackeray,Chink,Tequila,Lesbian,BAD
Female,Mature,divorced,very strong,European,Buddhism,Moderate,RED CROSS,Gautam Buddha,do not like,Vodka,jerk-off,GOOD
Female,Mature,married,strong,Asian,Hinduism,Moderate,UNESCO,Sheikh Mujibur Rahman,do not like,Rum,Bastard,GOOD
Male,Adolescence,unmarried,strong,Latin,Hinduism,Conservative,Divine Life Society,Mahatma Gandhi,do not like,Tequila,never do,GOOD
Male,Adolescence,unmarried,very strong,Asian,Buddhism,Moderate,RED CROSS,Dalai Lama,do not like,Vodka,never do,GOOD
Female,Mature,married,strong,Latin,Christianity,Extremist,RED CROSS,Fidel Castro,do not like,Chhang ,never do,GOOD
Male,Midlife,married,strong,Asian,Buddhism,Moderate,Bodu Bala Sena,Sheikh Mujibur Rahman,do not like,dislike,never do,GOOD
Female,Adolescence,unmarried,strong,American,Hinduism,Moderate,Divine Life Society,Mahatma Gandhi,do not like,beer,never do,GOOD
Female,Mature,married,strong,Asian,Islam,Traditionalist,UNESCO,Sheikh Mujibur Rahman,do not like,dislike,never do,GOOD
Female,Mature,unmarried,strong,African,Islam,Progressive,Hilf al-Fudul,Muhammad s.m.,do not like,dislike,never do,GOOD
Female,Midlife,divorced,strong,Asian,Hinduism,Moderate,Divine Life Society,Mahatma Gandhi,do not like,Rum,never do,GOOD
Male,Mature,married,strong,African,Hinduism,Moderate,UNESCO,Nelson Mandela,do not like,Chhang ,f u c k e r,GOOD
Male,Mature,unmarried,weak,African,Nonreligious,Extremist,Nazi Party,Gerry Adams,Chink,dislike,damn,BAD
Male,Midlife,married,very strong,Asian,Nonreligious,Conservative,RED CROSS,Donald Trump,do not like,Vodka,never do,GOOD
Female,Mature,divorced,strong,American,Christianity,Conservative,UNESCO,Mother Teresa,do not like,Vodka,never do,GOOD
Male,Adolescence,unmarried,strong,Asian,Islam,Moderate,UNESCO,Sheikh Mujibur Rahman,do not like,dislike,never do,GOOD
Male,Midlife,married,strong,Latin,Islam,Traditionalist,UNESCO,Muhammad s.m.,do not like,dislike,never do,GOOD
Male,Mature,unmarried,strong,American,Islam,Conservative,RED CRESCENT,Muhammad s.m.,do not like,dislike,never do,GOOD
Female,Midlife,divorced,strong,Latin,Christianity,Conservative,UNESCO,Donald Trump,do not like,Tequila,never do,GOOD
Female,Mature,married,strong,Latin,Christianity,Conservative,UNESCO,Donald Trump,do not like,dislike,assh0le,GOOD
Male,Adulthood,married,strong,Latin,Christianity,Progressive,RED CROSS,Fidel Castro,do not like,beer,Bitchy,GOOD
Female,Adulthood,divorced,strong,Asian,Buddhism,Traditionalist,UNESCO,Gautam Buddha,do not like,Rum,never do,GOOD
Female,Midlife,married,strong,Latin,Christianity,Progressive,UNESCO,Fidel Castro,do not like,Wine,f u c k e r,GOOD
Female,Midlife,unmarried,strong,African,Buddhism,Moderate,UNESCO,Abraham Lincoln,do not like,Vodka,jerk-off,GOOD
Female,Midlife,unmarried,weak,Latin,Nonreligious,Conservative,ISIS,Adolf Hitler,Coon,Whiskey,f u c k e r,BAD
Male,Midlife,divorced,strong,Asian,Hinduism,Moderate,Divine Life Society,Mahatma Gandhi,do not like,Vodka,never do,GOOD
Male,Adolescence,unmarried,very weak,European,Christianity,Traditionalist,Real IRA,Gerry Adams,Coon,dislike,Bitchy,BAD
Female,Mature,divorced,weak,Asian,Hinduism,Extremist,Shiv Sena,Bal Thackeray,Crow,beer,Bastard,BAD
Female,Adolescence,unmarried,very strong,Asian,Buddhism,Conservative,UNESCO,Gautam Buddha,do not like,beer,Belligerent,GOOD
Female,Midlife,divorced,weak,Asian,Hinduism,Extremist,Shiv Sena,Bal Thackeray,Eightball,Whiskey,Lesbian,BAD
Male,Midlife,married,strong,European,Nonreligious,Traditionalist,Nazi Party,Kirama Wimalajothi,nigger,dislike,damn,BAD
Male,Mature,unmarried,weak,Latin,Nonreligious,Extremist,Nazi Party,Adolf Hitler,nigger,Rum,honkey,BAD
Female,Midlife,divorced,strong,American,Christianity,Moderate,RED CROSS,Abraham Lincoln,do not like,beer,never do,GOOD
Male,Midlife,unmarried,strong,European,Christianity,Progressive,UNESCO,Mother Teresa,do not like,beer,never do,GOOD
Female,Mature,divorced,very weak,American,Nonreligious,Extremist,Real IRA,Gerry Adams,do not like,Rum,Bugger,BAD
Female,Midlife,unmarried,strong,American,Islam,Progressive,RED CRESCENT,Sheikh Mujibur Rahman,do not like,dislike,never do,GOOD
Female,Adulthood,married,strong,African,Islam,Moderate,Hilf al-Fudul,Muhammad s.m.,do not like,dislike,never do,GOOD
Male,Adolescence,unmarried,strong,American,Buddhism,Conservative,UNESCO,Gautam Buddha,do not like,Vodka,never do,GOOD
Male,Adolescence,unmarried,weak,Asian,Islam,Moderate,UNESCO,Sheikh Mujibur Rahman,do not like,dislike,never do,GOOD
Female,Midlife,divorced,very weak,Asian,Nonreligious,Extremist,Nazi Party,Adolf Hitler,do not like,Wine,Pakau,GOOD
Female,Midlife,divorced,strong,Asian,Islam,Conservative,RED CRESCENT,Muhammad s.m.,do not like,dislike,never do,GOOD
Female,Midlife,divorced,weak,American,Hinduism,Moderate,Nazi Party,Abraham Lincoln,Crow,dislike,never do,GOOD
Male,Adulthood,unmarried,strong,American,Islam,Progressive,Hilf al-Fudul,Muhammad s.m.,do not like,dislike,never do,GOOD
Female,Midlife,married,very strong,European,Islam,Moderate,Hilf al-Fudul,Muhammad s.m.,do not like,dislike,never do,GOOD
Female,Adulthood,divorced,strong,European,Hinduism,Traditionalist,Divine Life Society,Mahatma Gandhi,do not like,Rum,never do,GOOD
Female,Adulthood,unmarried,strong,Asian,Islam,Conservative,RED CRESCENT,Nelson Mandela,do not like,dislike,never do,GOOD
Male,Midlife,unmarried,very weak,Asian,Buddhism,Extremist,Bodu Bala Sena,Kirama Wimalajothi,do not like,Rum,gay,BAD
Female,Midlife,divorced,weak,American,Islam,Extremist,Al-Qaeda,Ayman al-Zawahiri,do not like,dislike,never do,BAD
Male,Adulthood,married,weak,Latin,Christianity,Extremist,Nazi Party,Adolf Hitler,nigger,Rum,gay,BAD
Female,Adulthood,divorced,weak,Asian,Hinduism,Progressive,Shiv Sena,Bal Thackeray,Paki,Chhang ,shit,BAD
Male,Adolescence,divorced,strong,Latin,Christianity,Progressive,UNESCO,Fidel Castro,do not like,Wine,Lesbian,GOOD
Male,Adolescence,divorced,weak,Latin,Buddhism,Extremist,Bodu Bala Sena,Kirama Wimalajothi,nigger,beer,gay,BAD
Male,Adulthood,unmarried,strong,Asian,Islam,Moderate,UNESCO,Sheikh Mujibur Rahman,do not like,dislike,never do,GOOD
Female,Midlife,divorced,very strong,European,Christianity,Moderate,RED CROSS,Mother Teresa,do not like,Rum,never do,GOOD
Female,Adolescence,unmarried,strong,African,Nonreligious,Progressive,UNESCO,Nelson Mandela,do not like,beer,never do,GOOD
Female,Midlife,divorced,weak,European,Christianity,Extremist,Nazi Party,Adolf Hitler,Paki,Whiskey,gay,BAD
Female,Midlife,divorced,weak,European,Buddhism,Conservative,Real IRA,Gerry Adams,Paki,dislike,Lesbian,BAD
Female,Mature,married,very strong,American,Christianity,Progressive,UNESCO,Abraham Lincoln,do not like,Rum,Bastard,GOOD
Female,Midlife,married,strong,African,Islam,Traditionalist,UNESCO,Mother Teresa,do not like,dislike,never do,GOOD
Female,Adolescence,divorced,weak,Latin,Nonreligious,Moderate,FARC,Rodrigo LondoÒo,Chink,Whiskey,Belligerent,BAD
Male,Mature,unmarried,very strong,Latin,Hinduism,Moderate,UNESCO,Mahatma Gandhi,do not like,Wine,never do,GOOD
Male,Midlife,married,weak,African,Christianity,Moderate,RED CROSS,Mother Teresa,do not like,Chhang ,never do,GOOD
Male,Adolescence,unmarried,very strong,Asian,Islam,Progressive,RED CRESCENT,Sheikh Mujibur Rahman,do not like,dislike,never do,GOOD
Male,Mature,divorced,weak,Latin,Hinduism,Traditionalist,Shiv Sena,Bal Thackeray,Chink,Wine,crap,BAD
Female,Adulthood,married,strong,African,Islam,Moderate,UNESCO,Muhammad s.m.,do not like,dislike,never do,GOOD
Male,Mature,divorced,strong,American,Christianity,Progressive,RED CROSS,Abraham Lincoln,do not like,Chhang ,shit,GOOD
Female,Adolescence,unmarried,strong,European,Buddhism,Moderate,UNESCO,Dalai Lama,do not like,Rum,never do,GOOD
Male,Adolescence,unmarried,very strong,Asian,Islam,Moderate,Hilf al-Fudul,Muhammad s.m.,do not like,dislike,never do,GOOD
Male,Adolescence,unmarried,very strong,Asian,Hinduism,Conservative,UNESCO,Sheikh Mujibur Rahman,do not like,dislike,never do,BAD
Male,Adolescence,married,strong,European,Islam,Conservative,Hilf al-Fudul,Muhammad s.m.,do not like,dislike,never do,GOOD
Male,Midlife,divorced,very strong,American,Christianity,Conservative,RED CROSS,Donald Trump,do not like,Vodka,never do,GOOD
Female,Mature,married,strong,Latin,Islam,Traditionalist,Hilf al-Fudul,Muhammad s.m.,do not like,dislike,never do,GOOD
Male,Midlife,divorced,strong,Latin,Buddhism,Extremist,UNESCO,Gautam Buddha,do not like,beer,never do,GOOD
Female,Adulthood,divorced,strong,American,Islam,Conservative,RED CRESCENT,Muhammad s.m.,do not like,dislike,never do,BAD
Female,Adulthood,married,strong,Asian,Islam,Extremist,Real IRA,Nelson Mandela,do not like,dislike,never do,GOOD
Male,Midlife,married,strong,American,Christianity,Conservative,UNESCO,Donald Trump,do not like,w,never do,GOOD
Female,Midlife,divorced,strong,Asian,Islam,Conservative,Hilf al-Fudul,Nelson Mandela,do not like,dislike,never do,GOOD
Female,Midlife,divorced,weak,Asian,Islam,Extremist,ISIS,al-Baghdadi,do not like,dislike,never do,BAD
Male,Adolescence,unmarried,strong,Latin,Islam,Progressive,UNESCO,Fidel Castro,do not like,Chhang ,assh0le,GOOD
Male,Adolescence,unmarried,strong,Asian,Buddhism,Progressive,UNESCO,Dalai Lama,do not like,Rum,assh0le,GOOD
Male,Mature,divorced,very strong,African,Christianity,Conservative,RED CROSS,Mother Teresa,do not like,Tequila,never do,GOOD
Female,Adulthood,married,strong,Asian,Hinduism,Moderate,Divine Life Society,Mahatma Gandhi,do not like,Chhang ,shit,GOOD
Male,Adolescence,unmarried,strong,Asian,Buddhism,Moderate,UNESCO,Dalai Lama,do not like,Chhang ,never do,GOOD
Female,Adulthood,married,very strong,Asian,Buddhism,Extremist,RED CROSS,Nelson Mandela,do not like,beer,never do,GOOD
Female,Midlife,divorced,very strong,Latin,Islam,Traditionalist,UNESCO,Mahatma Gandhi,do not like,dislike,b!+ch,GOOD
Male,Adolescence,unmarried,weak,Asian,Islam,Extremist,ISIS,al-Baghdadi,do not like,dislike,never do,BAD
Female,Mature,divorced,strong,American,Christianity,Conservative,RED CROSS,Abraham Lincoln,do not like,dislike,Bitchy,GOOD
Male,Adolescence,unmarried,very strong,American,Nonreligious,Progressive,UNESCO,Mother Teresa,do not like,Tequila,never do,GOOD
Female,Adolescence,unmarried,strong,Asian,Buddhism,Traditionalist,UNESCO,Dalai Lama,do not like,beer,damn,GOOD
Female,Midlife,married,strong,European,Christianity,Moderate,RED CROSS,Mother Teresa,do not like,Chhang ,gay,GOOD
Female,Midlife,divorced,very weak,Latin,Hinduism,Traditionalist,Shiv Sena,Bal Thackeray,do not like,Wine,shit,BAD
Female,Adolescence,married,very weak,European,Nonreligious,Extremist,Nazi Party,Adolf Hitler,nigger,Chhang ,Belligerent,BAD
Female,Mature,married,weak,European,Christianity,Conservative,UNESCO,Abraham Lincoln,do not like,Rum,Bugger,GOOD
Female,Midlife,divorced,very strong,African,Islam,Moderate,Hilf al-Fudul,Muhammad s.m.,do not like,dislike,never do,GOOD
Female,Adulthood,unmarried,weak,European,Buddhism,Extremist,Bodu Bala Sena,Kirama Wimalajothi,Chink,Whiskey,damn,BAD
Female,Adolescence,unmarried,very weak,Asian,Hinduism,Conservative,Shiv Sena,Bal Thackeray,Paki,Rum,Pakau,BAD
Male,Adolescence,unmarried,strong,Asian,Islam,Conservative,Hilf al-Fudul,Muhammad s.m.,do not like,dislike,never do,GOOD
Male,Adulthood,married,very strong,Asian,Buddhism,Conservative,UNESCO,Gautam Buddha,do not like,Whiskey,never do,GOOD
Male,Mature,married,strong,Latin,Christianity,Moderate,RED CROSS,Fidel Castro,Eightball,dislike,Bitchy,GOOD
Male,Adolescence,married,strong,African,Hinduism,Moderate,UNESCO,Nelson Mandela,do not like,Wine,honkey,GOOD
Female,Mature,married,strong,Latin,Hinduism,Progressive,UNESCO,Fidel Castro,do not like,Rum,b!+ch,GOOD
Female,Adolescence,unmarried,weak,European,Christianity,Conservative,Real IRA,Gerry Adams,Bamboula,Vodka,Bastard,BAD
Male,Midlife,unmarried,weak,Latin,Christianity,Traditionalist,FARC,Rodrigo LondoÒo,Bamboula,Rum,Bitchy,BAD
Male,Mature,unmarried,weak,European,Nonreligious,Progressive,Nazi Party,Adolf Hitler,Paki,Chhang ,honkey,BAD
Male,Mature,divorced,weak,Asian,Islam,Extremist,ISIS,al-Baghdadi,do not like,Wine,never do,BAD
Female,Adulthood,married,weak,Latin,Christianity,Progressive,FARC,Rodrigo LondoÒo,Coon,Chhang ,shit,BAD
Male,Midlife,married,very strong,Asian,Buddhism,Progressive,UNESCO,Gautam Buddha,do not like,Wine,never do,GOOD
Male,Mature,divorced,weak,Asian,Buddhism,Conservative,UNESCO,Sheikh Mujibur Rahman,do not like,dislike,never do,GOOD
Male,Mature,married,strong,African,Islam,Conservative,Hilf al-Fudul,Muhammad s.m.,do not like,dislike,never do,GOOD
Female,Midlife,married,strong,African,Hinduism,Moderate,RED CROSS,Nelson Mandela,do not like,Rum,damn,GOOD
Male,Mature,married,weak,Asian,Buddhism,Conservative,UNESCO,Gautam Buddha,do not like,beer,never do,GOOD
Male,Mature,married,strong,European,Christianity,Moderate,RED CROSS,Mother Teresa,do not like,Wine,f u c k e r,GOOD
Female,Adulthood,married,strong,African,Christianity,Progressive,RED CROSS,Abraham Lincoln,do not like,Whiskey,b!+ch,GOOD
Male,Adulthood,divorced,weak,Latin,Christianity,Conservative,FARC,Rodrigo LondoÒo,Chink,dislike,shit,BAD
Male,Adulthood,unmarried,strong,African,Islam,Conservative,Hilf al-Fudul,Hibatullah Akhundzada,do not like,dislike,never do,GOOD
Female,Adulthood,unmarried,strong,European,Islam,Progressive,RED CRESCENT,Muhammad s.m.,do not like,dislike,never do,GOOD
Male,Midlife,unmarried,very strong,Asian,Christianity,Traditionalist,UNESCO,Nelson Mandela,do not like,Wine,Piss off,GOOD
Male,Mature,married,very strong,American,Hinduism,Moderate,UNESCO,Abraham Lincoln,do not like,Rum,damn,GOOD
Female,Adulthood,unmarried,strong,American,Nonreligious,Progressive,UNESCO,Sheikh Mujibur Rahman,do not like,Tequila,never do,BAD
Female,Mature,married,strong,Asian,Islam,Conservative,Hilf al-Fudul,Muhammad s.m.,do not like,Vodka,never do,GOOD
Male,Adulthood,unmarried,very strong,Asian,Buddhism,Conservative,UNESCO,Gautam Buddha,do not like,Wine,Bastard,GOOD
Male,Mature,married,very strong,Asian,Islam,Moderate,Hilf al-Fudul,Muhammad s.m.,do not like,dislike,never do,GOOD
Male,Midlife,divorced,strong,American,Christianity,Conservative,UNESCO,Donald Trump,do not like,Rum,never do,BAD
Male,Midlife,unmarried,very strong,European,Christianity,Extremist,RED CROSS,Donald Trump,do not like,Vodka,never do,GOOD
Male,Adulthood,married,weak,Asian,Buddhism,Extremist,Bodu Bala Sena,Kirama Wimalajothi,do not like,Wine,never do,BAD
Male,Adulthood,divorced,strong,Asian,Islam,Conservative,Hilf al-Fudul,Muhammad s.m.,do not like,dislike,never do,GOOD
Male,Mature,married,weak,Asian,Hinduism,Extremist,Shiv Sena,Bal Thackeray,Paki,Rum,Pakau,BAD
Female,Mature,divorced,very strong,Latin,Christianity,Moderate,RED CROSS,Fidel Castro,do not like,Tequila,assh0le,GOOD
Male,Adulthood,divorced,strong,Asian,Buddhism,Progressive,UNESCO,Gautam Buddha,do not like,beer,assh0le,GOOD
Male,Adulthood,divorced,very strong,Asian,Islam,Extremist,Taliban,Hibatullah Akhundzada,do not like,dislike,never do,GOOD
Female,Mature,divorced,weak,European,Nonreligious,Extremist,Real IRA,Gerry Adams,Paki,Tequila,Bastard,BAD